{
  "pre_acuerdo": {
    "NBR": 88.92144639963337,
    "NDBI": 89.37990276888551,
    "NDVI": 79.59304345320496,
    "NDWI": 86.00897422529819,
    "blue": 85.13893062025153,
    "elevation": 133.9850033352488,
    "green": 74.8706334816466,
    "nir": 83.22003432405353,
    "red": 72.47616173015493,
    "slope": 90.91885201251856,
    "swir1": 100.57692708816676,
    "swir2": 94.79478749962064
  },
  "transicion": {
    "NBR": 85.21881673680058,
    "NDBI": 89.8333481136586,
    "NDVI": 85.02806576124601,
    "NDWI": 83.58551711072391,
    "blue": 87.58742920010857,
    "elevation": 114.8869259181627,
    "green": 80.69711754829328,
    "nir": 74.41089438203915,
    "red": 87.07431408602194,
    "slope": 79.51769376159153,
    "swir1": 97.1198366549241,
    "swir2": 86.79318491390879
  },
  "post_acuerdo_1": {
    "NBR": 88.35598846479041,
    "NDBI": 93.04256657094759,
    "NDVI": 69.22652409069954,
    "NDWI": 84.47991388427472,
    "blue": 80.14544352790931,
    "elevation": 143.425780523676,
    "green": 74.1301825616152,
    "nir": 76.52287651390273,
    "red": 63.951469354710575,
    "slope": 112.70361060792274,
    "swir1": 101.36641678848584,
    "swir2": 94.3784207963255
  },
  "post_acuerdo_2": {
    "NBR": 80.73713642111186,
    "NDBI": 97.38939210267327,
    "NDVI": 74.58969900189108,
    "NDWI": 77.05976022368908,
    "blue": 86.97674692938332,
    "elevation": 116.18998606282902,
    "green": 72.4030065117125,
    "nir": 76.70722277491672,
    "red": 78.91862346888097,
    "slope": 100.44585328739534,
    "swir1": 108.08483535707934,
    "swir2": 101.80436887284816
  }
}